A1,NORMAL,44046c25-8852-4f2e-87ff-356c26226eee,
A2,NORMAL,44046c25-8852-4f2e-87ff-356c26226eee,
A3,NORMAL,44046c25-8852-4f2e-87ff-356c26226eee,
A4,NORMAL,44046c25-8852-4f2e-87ff-356c26226eee,
A5,NORMAL,44046c25-8852-4f2e-87ff-356c26226eee,
A6,NORMAL,44046c25-8852-4f2e-87ff-356c26226eee,
A7,NORMAL,44046c25-8852-4f2e-87ff-356c26226eee,
A8,NORMAL,44046c25-8852-4f2e-87ff-356c26226eee,
A9,NORMAL,44046c25-8852-4f2e-87ff-356c26226eee,
A1,NORMAL,44046c25-8852-4f2e-87ff-356c26226eee,
A11,NORMAL,44046c25-8852-4f2e-87ff-356c26226eee,
A12,NORMAL,44046c25-8852-4f2e-87ff-356c26226eee,
A13,NORMAL,44046c25-8852-4f2e-87ff-356c26226eee,
A14,NORMAL,44046c25-8852-4f2e-87ff-356c26226eee,
A15,NORMAL,44046c25-8852-4f2e-87ff-356c26226eee,
A16,NORMAL,44046c25-8852-4f2e-87ff-356c26226eee,
B1,NORMAL,44046c25-8852-4f2e-87ff-356c26226eee,
B2,NORMAL,44046c25-8852-4f2e-87ff-356c26226eee,
B3,NORMAL,44046c25-8852-4f2e-87ff-356c26226eee,
B4,NORMAL,44046c25-8852-4f2e-87ff-356c26226eee,
B5,NORMAL,44046c25-8852-4f2e-87ff-356c26226eee,
B6,NORMAL,44046c25-8852-4f2e-87ff-356c26226eee,
B7,NORMAL,44046c25-8852-4f2e-87ff-356c26226eee,
B8,NORMAL,44046c25-8852-4f2e-87ff-356c26226eee,
B9,NORMAL,44046c25-8852-4f2e-87ff-356c26226eee,
B10,NORMAL,44046c25-8852-4f2e-87ff-356c26226eee,
B11,NORMAL,44046c25-8852-4f2e-87ff-356c26226eee,
B12,NORMAL,44046c25-8852-4f2e-87ff-356c26226eee,
B13,NORMAL,44046c25-8852-4f2e-87ff-356c26226eee,
B14,NORMAL,44046c25-8852-4f2e-87ff-356c26226eee,
B15,NORMAL,44046c25-8852-4f2e-87ff-356c26226eee,
B16,NORMAL,44046c25-8852-4f2e-87ff-356c26226eee,
C1,NORMAL,44046c25-8852-4f2e-87ff-356c26226eee,
C2,NORMAL,44046c25-8852-4f2e-87ff-356c26226eee,
C3,NORMAL,44046c25-8852-4f2e-87ff-356c26226eee,
C4,NORMAL,44046c25-8852-4f2e-87ff-356c26226eee,
C5,NORMAL,44046c25-8852-4f2e-87ff-356c26226eee,
C6,NORMAL,44046c25-8852-4f2e-87ff-356c26226eee,
C7,NORMAL,44046c25-8852-4f2e-87ff-356c26226eee,
C8,NORMAL,44046c25-8852-4f2e-87ff-356c26226eee,
C9,NORMAL,44046c25-8852-4f2e-87ff-356c26226eee,
C10,NORMAL,44046c25-8852-4f2e-87ff-356c26226eee,
C11,NORMAL,44046c25-8852-4f2e-87ff-356c26226eee,
C12,NORMAL,44046c25-8852-4f2e-87ff-356c26226eee,
C13,NORMAL,44046c25-8852-4f2e-87ff-356c26226eee,
C14,NORMAL,44046c25-8852-4f2e-87ff-356c26226eee,
C15,NORMAL,44046c25-8852-4f2e-87ff-356c26226eee,
C16,NORMAL,44046c25-8852-4f2e-87ff-356c26226eee,
D1,NORMAL,44046c25-8852-4f2e-87ff-356c26226eee,
D2,NORMAL,44046c25-8852-4f2e-87ff-356c26226eee,
D3,NORMAL,44046c25-8852-4f2e-87ff-356c26226eee,
D4,NORMAL,44046c25-8852-4f2e-87ff-356c26226eee,
D5,NORMAL,44046c25-8852-4f2e-87ff-356c26226eee,
D6,NORMAL,44046c25-8852-4f2e-87ff-356c26226eee,
D7,NORMAL,44046c25-8852-4f2e-87ff-356c26226eee,
D8,NORMAL,44046c25-8852-4f2e-87ff-356c26226eee,
D9,NORMAL,44046c25-8852-4f2e-87ff-356c26226eee,
D10,NORMAL,44046c25-8852-4f2e-87ff-356c26226eee,
D11,NORMAL,44046c25-8852-4f2e-87ff-356c26226eee,
D12,NORMAL,44046c25-8852-4f2e-87ff-356c26226eee,
D13,NORMAL,44046c25-8852-4f2e-87ff-356c26226eee,
D14,NORMAL,44046c25-8852-4f2e-87ff-356c26226eee,
D15,NORMAL,44046c25-8852-4f2e-87ff-356c26226eee,
D16,NORMAL,44046c25-8852-4f2e-87ff-356c26226eee,
E1,NORMAL,44046c25-8852-4f2e-87ff-356c26226eee,
E2,NORMAL,44046c25-8852-4f2e-87ff-356c26226eee,
E3,NORMAL,44046c25-8852-4f2e-87ff-356c26226eee,
E4,NORMAL,44046c25-8852-4f2e-87ff-356c26226eee,
E5,NORMAL,44046c25-8852-4f2e-87ff-356c26226eee,
E6,NORMAL,44046c25-8852-4f2e-87ff-356c26226eee,
E7,NORMAL,44046c25-8852-4f2e-87ff-356c26226eee,
E8,NORMAL,44046c25-8852-4f2e-87ff-356c26226eee,
E9,NORMAL,44046c25-8852-4f2e-87ff-356c26226eee,
E10,NORMAL,44046c25-8852-4f2e-87ff-356c26226eee,
E11,NORMAL,44046c25-8852-4f2e-87ff-356c26226eee,
E12,NORMAL,44046c25-8852-4f2e-87ff-356c26226eee,
E13,NORMAL,44046c25-8852-4f2e-87ff-356c26226eee,
E14,NORMAL,44046c25-8852-4f2e-87ff-356c26226eee,
E15,NORMAL,44046c25-8852-4f2e-87ff-356c26226eee,
E16,NORMAL,44046c25-8852-4f2e-87ff-356c26226eee,
F1,NORMAL,44046c25-8852-4f2e-87ff-356c26226eee,
F2,NORMAL,44046c25-8852-4f2e-87ff-356c26226eee,
F3,NORMAL,44046c25-8852-4f2e-87ff-356c26226eee,
F4,NORMAL,44046c25-8852-4f2e-87ff-356c26226eee,
F5,NORMAL,44046c25-8852-4f2e-87ff-356c26226eee,
F6,NORMAL,44046c25-8852-4f2e-87ff-356c26226eee,
F7,NORMAL,44046c25-8852-4f2e-87ff-356c26226eee,
F8,NORMAL,44046c25-8852-4f2e-87ff-356c26226eee,
F9,NORMAL,44046c25-8852-4f2e-87ff-356c26226eee,
F10,NORMAL,44046c25-8852-4f2e-87ff-356c26226eee,
F11,NORMAL,44046c25-8852-4f2e-87ff-356c26226eee,
F12,NORMAL,44046c25-8852-4f2e-87ff-356c26226eee,
F13,NORMAL,44046c25-8852-4f2e-87ff-356c26226eee,
F14,NORMAL,44046c25-8852-4f2e-87ff-356c26226eee,
F15,NORMAL,44046c25-8852-4f2e-87ff-356c26226eee,
F16,NORMAL,44046c25-8852-4f2e-87ff-356c26226eee,
G1,NORMAL,44046c25-8852-4f2e-87ff-356c26226eee,
G2,NORMAL,44046c25-8852-4f2e-87ff-356c26226eee,
G3,NORMAL,44046c25-8852-4f2e-87ff-356c26226eee,
G4,NORMAL,44046c25-8852-4f2e-87ff-356c26226eee,
G5,NORMAL,44046c25-8852-4f2e-87ff-356c26226eee,
G6,NORMAL,44046c25-8852-4f2e-87ff-356c26226eee,
G7,NORMAL,44046c25-8852-4f2e-87ff-356c26226eee,
G8,NORMAL,44046c25-8852-4f2e-87ff-356c26226eee,
G9,NORMAL,44046c25-8852-4f2e-87ff-356c26226eee,
G10,NORMAL,44046c25-8852-4f2e-87ff-356c26226eee,
G11,NORMAL,44046c25-8852-4f2e-87ff-356c26226eee,
G12,NORMAL,44046c25-8852-4f2e-87ff-356c26226eee,
G13,NORMAL,44046c25-8852-4f2e-87ff-356c26226eee,
G14,NORMAL,44046c25-8852-4f2e-87ff-356c26226eee,
G15,NORMAL,44046c25-8852-4f2e-87ff-356c26226eee,
G16,NORMAL,44046c25-8852-4f2e-87ff-356c26226eee,
H1,NORMAL,44046c25-8852-4f2e-87ff-356c26226eee,
H2,NORMAL,44046c25-8852-4f2e-87ff-356c26226eee,
H3,NORMAL,44046c25-8852-4f2e-87ff-356c26226eee,
H4,NORMAL,44046c25-8852-4f2e-87ff-356c26226eee,
H5,NORMAL,44046c25-8852-4f2e-87ff-356c26226eee,
H6,NORMAL,44046c25-8852-4f2e-87ff-356c26226eee,
H7,NORMAL,44046c25-8852-4f2e-87ff-356c26226eee,
H8,NORMAL,44046c25-8852-4f2e-87ff-356c26226eee,
H9,NORMAL,44046c25-8852-4f2e-87ff-356c26226eee,
H10,NORMAL,44046c25-8852-4f2e-87ff-356c26226eee,
H11,NORMAL,44046c25-8852-4f2e-87ff-356c26226eee,
H12,NORMAL,44046c25-8852-4f2e-87ff-356c26226eee,
H13,NORMAL,44046c25-8852-4f2e-87ff-356c26226eee,
H14,NORMAL,44046c25-8852-4f2e-87ff-356c26226eee,
H15,NORMAL,44046c25-8852-4f2e-87ff-356c26226eee,
H16,NORMAL,44046c25-8852-4f2e-87ff-356c26226eee,